Date, Description, Debit, Credit, Balance
1/09/2014,Pay Anyone - Transfer to Mikey UBANK - Receipt 473849 To 082991 211907809,-1004.9,,0
1/09/2014,Transfer - Internal Transfer - Receipt 471920  SAVINGS MAXIMISER 71717060,,4.9,1004.9
1/09/2014,Pay Anyone - Transfer to Jacq - Receipt 469863 To 082811 540093885,-1224.88,,1000
28/08/2014,Pay Anyone - Transfer to Mikey UBANK - Receipt 884230 To 082991 211907809,-5000,,2224.88
27/08/2014,Pay Anyone - Transfer to Mikey UBANK - Receipt 529476 To 082991 211907809,-5000,,7224.88
27/08/2014,Transfer - From my account 85236108 - Internal Transfer - Receipt 88804,,12224.88,12224.88
26/08/2014,Direct Debit - Independent Prop - Direct Debit - Receipt 100636  ASHER20 - MICHAEL,-740,,0
12/08/2014,Direct Debit - Independent Prop - Direct Debit - Receipt 110189  ASHER20 - MICHAEL,-740,,740
12/08/2014,Pay Anyone - Transfer to Mikey UBANK - Receipt 469911 To 082991 211907809,-1186.17,,1480
11/08/2014,Pay Anyone - Transfer to Mikey UBANK - Receipt 93930 To 082991 211907809,-5000,,2666.17
11/08/2014,Transfer - Internal Transfer - Receipt 81630  SAVINGS MAXIMISER 71717060,,6857.42,7666.17
4/08/2014,Transfer - Internal Transfer - Receipt 670641  SAVINGS MAXIMISER 71717060,-1200,,808.75
31/07/2014,Deposit - MIKEY            RENT - Receipt 107528,,2000,2008.75
30/07/2014,Transfer - Internal Transfer - Receipt 834116  SAVINGS MAXIMISER 71717060,-1100,,8.75
29/07/2014,Direct Debit - Independent Prop - Direct Debit - Receipt 108822  ASHER20 - MICHAEL,-740,,1108.75
21/07/2014,Deposit - jacq mike        save - Receipt 110909,,1000,1848.75
17/07/2014,Deposit - INDEPENDENT PROP RENT COMPEN - Receipt 112585,,600,848.75
17/07/2014,Transfer - Internal Transfer - Receipt 300560  SAVINGS MAXIMISER 71717060,-250,,248.75
17/07/2014,Deposit - MICHAEL ASHER    close house - Receipt 106120,,451.37,498.75
15/07/2014,Direct Debit - Independent Prop - Direct Debit - Receipt 100957  ASHER20 - MICHAEL,-740,,47.38
14/07/2014,Transfer - Internal Transfer - Receipt 46449  SAVINGS MAXIMISER 71717060,-4300,,787.38
10/07/2014,Deposit - MIKEY            firsthome - Receipt 113456,,5000,5087.38
8/07/2014,ING DIRECT - Wave and Save Rebate - Receipt 124406,,1.44,87.38
8/07/2014,Cash & Purchase - 7-ELEVEN 2260 - Visa Purchase - Receipt 124406 In PHEASANTS NE Date 06/07/2014 Card ************3414,-71.82,,85.94
1/07/2014,Direct Debit - Independent Prop - Direct Debit - Receipt 100946  ASHER20 - MICHAEL,-740,,157.76
27/06/2014,Deposit - Mikey            Rent - Receipt 111325,,740,897.76
17/06/2014,Direct Debit - Independent Prop - Direct Debit - Receipt 100762  ASHER20 - MICHAEL,-740,,157.76
13/06/2014,Deposit - Mikey            Rent - Receipt 108651,,740,897.76
5/06/2014,ING DIRECT - International Purchase Fee - Receipt 140057,-0.64,,157.76
5/06/2014,Cash & Purchase - Amazon Web Services - Visa Purchase - Receipt 140057 Foreign Currency Amount: USD 23.75 In aws.amazon.c Date 03/06/2014 Card ************7840,-25.73,,158.4
3/06/2014,Direct Debit - Independent Prop - Direct Debit - Receipt 100382  ASHER20 - MICHAEL,-740,,184.13
2/06/2014,Deposit - Mikey            Rent - Receipt 106803,,740,924.13
20/05/2014,Direct Debit - Reversal - Direct Debit - Receipt 100015,,740,184.13
20/05/2014,Direct Debit,-740,,-555.87
6/05/2014,Direct Debit - Independent Prop - Direct Debit - Receipt 105319  ASHER20 - MICHAEL,-740,,184.13
6/05/2014,ING DIRECT - International Purchase Fee - Receipt 102378,-0.39,,924.13
6/05/2014,Cash & Purchase - Amazon Web Services - Visa Purchase - Receipt 102378 Foreign Currency Amount: USD 14.25 In aws.amazon.c Date 04/05/2014 Card ************7840,-15.48,,924.52
2/05/2014,Deposit - Mikey            Rent - Receipt 111504,,740,940
28/04/2014,Transfer - Initial Deposit - Internal Transfer - Receipt 493692  TERM DEPOSIT 85437474,-12000,,200
24/04/2014,Deposit - MIKEY            fhs - Receipt 100813,,12000,12200
22/04/2014,Direct Debit - Independent Prop - Direct Debit - Receipt 105214  ASHER20 - MICHAEL,-740,,200
22/04/2014,Deposit - Mikey            Rent - Receipt 122938,,740,940
8/04/2014,Direct Debit - Independent Prop - Direct Debit - Receipt 102324  ASHER20 - MICHAEL,-740,,200
4/04/2014,Deposit - Mikey            Rent - Receipt 104115,,740,940
25/03/2014,Direct Debit - Independent Prop - Direct Debit - Receipt 103842  ASHER20 - MICHAEL,-740,,200
21/03/2014,Deposit - Mikey            Rent - Receipt 100647,,740,940
13/03/2014,Deposit - MIKEY            RENT - Receipt 110346,,300,200
11/03/2014,Direct Debit - Independent Prop - Direct Debit - Receipt 108319  ASHER20 - MICHAEL,-740,,-100
7/03/2014,Deposit - Mikey            Rent - Receipt 109194,,640,640
28/02/2014,Transfer - Initial Deposit - Internal Transfer - Receipt 610586  TERM DEPOSIT 85236108,-12000,,0
27/02/2014,Deposit - MIKEY            home - Receipt 109274,,12000,12000
30/11/2013,Pay Anyone - Transfer to Boyz - Receipt 334807 To 062903 10671318,-171.09,,0
22/11/2013,Deposit - ANU EFT 1112615  U4666424 - Receipt 102331,,171.09,171.09
12/11/2013,Pay Anyone - Transfer to Boyz - Receipt 492258 To 062903 10671318,-195.26,,0
12/11/2013,Transfer - Internal Transfer - Receipt 490045  SAVINGS MAXIMISER 71717060,,0.23,195.26
11/11/2013,Deposit - MICHAEL ASHER    veg 9 nov - Receipt 116610,,165,195.03
17/10/2013,Deposit - JOANNA IRVING    veggies from jo i - Receipt 108342,,15,30.03
10/10/2013,Deposit - JOANNA IRVING    veggies from jo i - Receipt 118635,,15,15.03
9/10/2013,ING DIRECT - Wave and Save Rebate - Receipt 101995,,0.03,0.03
9/10/2013,Cash & Purchase - IKEA - Visa Purchase - Receipt 101995 In HOMEBUSH Date 07/10/2013 Card ************7840,-1.25,,0
8/10/2013,Pay Anyone - Transfer to Jacq - Receipt 902300 To 082811 540093885,-272.19,,1.25
7/10/2013,Pay Anyone - Transfer to Boyz - Receipt 695360 To 062903 10671318,-250,,273.44
7/10/2013,Transfer - Internal Transfer - Receipt 663536  SAVINGS MAXIMISER 71717060,,502.03,523.44
7/10/2013,Cash & Purchase - IKEA                HOMEB USH - EFTPOS Purchase - Receipt 544635 Date 07/10/2013 Time 11:29 AM Card ************7840,-89.94,,21.41
3/10/2013,Deposit - JOANNA IRVING    veggies from jo i - Receipt 103974,,15,111.35
2/10/2013,Transfer - Internal Transfer - Receipt 740729  SAVINGS MAXIMISER 71717060,,100,96.35
1/10/2013,Direct Debit - PAYPAL AUSTRALIA - Direct Debit - Receipt 122688  5E6227GMYMSNN,-36.75,,-3.65
26/09/2013,Deposit - JOANNA IRVING    veggies from jo i - Receipt 101165,,15,33.1
23/09/2013,Direct Debit - Telstra DDebit - Direct Debit - Receipt 104008  2000410934887,-66,,18.1
19/09/2013,Deposit - JOANNA IRVING    veggies from jo i - Receipt 105976,,15,84.1
12/09/2013,Deposit - JOANNA IRVING    veggies from jo i - Receipt 117187,,15,69.1
11/09/2013,Deposit - JOANNA IRVING    additional - Receipt 105507,,50,54.1
10/09/2013,ING DIRECT - ATM Rebate - Receipt 587088 We paid the ATM fee for you!,,2,4.1
10/09/2013,Cash & Purchase - ANU UNION BUILDING CANBERRA - Receipt 587088 ATM owner fee of $2.00 charged by ANU UNION BUILDING CANBERRA Date 10/09/2013 Time 5:23 PM Card ************7840,-202,,2.1
10/09/2013,Transfer - Internal Transfer - Receipt 218419  SAVINGS MAXIMISER 71717060,,2,204.1
9/09/2013,Transfer - Internal Transfer - Receipt 449341  SAVINGS MAXIMISER 71717060,-600,,202.1
5/09/2013,Deposit - JOANNA IRVING    veggies from jo i - Receipt 107944,,15,802.1
3/09/2013,Direct Debit - PAYPAL AUSTRALIA - Direct Debit - Receipt 103858  5E6227EDJT5WY,-3.38,,787.1
2/09/2013,Deposit - MICHAEL ASHER    sat31augvegdif - Receipt 105210,,86,790.48
2/09/2013,Deposit - ATO              ATO003000004078455 - Receipt 100982,,618,704.48
31/08/2013,ING DIRECT - Wave and Save Rebate - Receipt 110919,,0.2,86.48
31/08/2013,Cash & Purchase - FCLIQUOR  BRADDON - Visa Purchase - Receipt 110919 In ACT Date 29/08/2013 Card ************7840,-10,,86.28
30/08/2013,Deposit - Simeon Staker    Vegies - Receipt 107781,,22,96.28
30/08/2013,ING DIRECT - Wave and Save Rebate - Receipt 111689,,0.2,74.28
30/08/2013,Cash & Purchase - IGA CITY WEST CAR PA - Visa Purchase - Receipt 111689 In CANBERRA Date 28/08/2013 Card ************7840,-9.9,,74.08
29/08/2013,Cash & Purchase - WOTIF COM PTY LTD - Visa Purchase - Receipt 125147 In MILTON Date 27/08/2013 Card ************7840,-184.5,,83.98
29/08/2013,Deposit - JOANNA IRVING    veggies from jo i - Receipt 111238,,15,268.48
27/08/2013,ING DIRECT - Wave and Save Rebate - Receipt 124597,,0.2,253.48
27/08/2013,Cash & Purchase - CHEMIST ON NORTHBRNE - Visa Purchase - Receipt 124597 In CANBERRA Date 25/08/2013 Card ************7840,-9.95,,253.28
26/08/2013,Deposit - MICHAEL ASHER    sat24augveg - Receipt 103790,,240,263.23
24/08/2013,Cash & Purchase - TINY'S GREEN SHED   0001 SYMONSTON - EFTPOS Purchase - Receipt 3055 Date 24/08/2013 Time 10:54 AM Card ************7840,-140,,23.23
24/08/2013,Cash & Purchase - DILLIRO VEGETABLES  0001 TAHMOOR - EFTPOS Purchase - Receipt 284 Date 24/08/2013 Time 7:54 AM Card ************7840,-162.4,,163.23
24/08/2013,Cash & Purchase - ANU - Visa Purchase - Receipt 101734 In CANBERRA Date 22/08/2013 Card ************7840,-136.5,,325.63
24/08/2013,Cash & Purchase - BARKER COLLEGE - Visa Purchase - Receipt 101733 In HORNSBY Date 22/08/2013 Card ************7840,-50,,462.13
22/08/2013,Direct Debit - Telstra DDebit - Direct Debit - Receipt 103323  2000410934887,-66,,512.13
22/08/2013,Deposit - JOANNA IRVING    veggies from jo i - Receipt 103322,,15,578.13
21/08/2013,Cash & Purchase - AHARONI JEWELLERY PT - Visa Purchase - Receipt 145660 In CANBERRA Date 19/08/2013 Card ************7840,-600,,563.13
20/08/2013,Cash & Purchase - MURRAYS AUSTRALIA LIMITED - Visa Purchase - Receipt 102331 In RED HILL Date 18/08/2013 Card ************7840,-35,,1163.13
19/08/2013,Pay Anyone - Transfer to Boyz - Receipt 838597 To 062903 10671318,-1000,,1198.13
19/08/2013,Transfer - Internal Transfer - Receipt 836967  SAVINGS MAXIMISER 71717060,,706.89,2198.13
19/08/2013,Transfer - Internal Transfer - Receipt 834406  SAVINGS MAXIMISER 71717060,,500,1491.24
18/08/2013,Cash & Purchase - SUPABARN            CANBE RRA - EFTPOS Purchase - Receipt 393008 Date 18/08/2013 Time 8:27 PM Card ************7840,-32.47,,991.24
18/08/2013,Cash & Purchase - HANDYWAY RAIL CORPO 4060 NORTH SYDNEY - EFTPOS Purchase - Receipt 77222 Date 18/08/2013 Time 4:13 PM Card ************7840,-1.8,,1023.71
17/08/2013,Pay Anyone - Transfer to Boyz - Receipt 514841 To 062903 10671318,-300,,1025.51
15/08/2013,Deposit - JOANNA IRVING    veggies from jo i - Receipt 114501,,15,1325.51
14/08/2013,Deposit - Salary - Salary Deposit - Receipt 101209 ANU              4666424,,1213.53,1310.51
14/08/2013,Cash & Purchase - KBRV Resort Operations - Visa Purchase - Receipt 114270 In Fraser Islan Date 13/08/2013 Card ************7840,-152.25,,96.98
13/08/2013,ING DIRECT - Wave and Save Rebate - Receipt 116728,,0.26,249.23
13/08/2013,Cash & Purchase - BCF AUSTRALIH HERVEY BAY - Visa Purchase - Receipt 116728 In PIALBA Date 10/08/2013 Card ************7840,-12.99,,248.97
13/08/2013,ING DIRECT - Wave and Save Rebate - Receipt 116727,,0.3,261.96
13/08/2013,Cash & Purchase - RIVER HEADS IGA EXPRESS - Visa Purchase - Receipt 116727 In RIVER HEADS Date 10/08/2013 Card ************7840,-15,,261.66
12/08/2013,Deposit - YUN LI           veggies - Receipt 100362,,32,276.66
10/08/2013,Cash & Purchase - EURONG BEACH RESORT RIVER HEADQL - EFTPOS Purchase - Receipt 12526 Date 10/08/2013 Time 1:44 PM Card ************7840,-100,,244.66
10/08/2013,Cash & Purchase - CENTRAL ELEC C/RAIL 4016 SYDNEY - EFTPOS Purchase - Receipt 27321 Date 10/08/2013 Time 8:37 AM Card ************7840,-11.4,,344.66
10/08/2013,Cash & Purchase - GREYHOUND AUSTRALIA - Visa Purchase - Receipt 117594 In EAGLE FARM Date 08/08/2013 Card ************7840,-39.78,,356.06
8/08/2013,Cash & Purchase - Mocan & Green Grout Canbe rra - EFTPOS Purchase - Receipt 538277 Date 08/08/2013 Time 7:20 PM Card ************7840,-39,,395.84
8/08/2013,Pay Anyone - Transfer to Jacq - Receipt 756780 To 082811 540093885,-2000,,434.84
8/08/2013,Transfer - Internal Transfer - Receipt 745203  SAVINGS MAXIMISER 71717060,,2000,2434.84
8/08/2013,Deposit - JOANNA IRVING    veggies from jo i - Receipt 105470,,15,434.84
7/08/2013,Cash & Purchase - INTERPARK AUSTRALIA - Visa Purchase - Receipt 114545 In SYDNEY Date 03/08/2013 Card ************7840,-10.2,,419.84
6/08/2013,ING DIRECT - Wave and Save Rebate - Receipt 130860,,1.5,430.04
6/08/2013,Cash & Purchase - BP EXP MARULAN 2330 - Visa Purchase - Receipt 130860 In MARULAN NORT Date 03/08/2013 Card ************7840,-74.81,,428.54
6/08/2013,Cash & Purchase - APPLE ITUNES STORE - Visa Purchase - Receipt 130859 In SYDNEY Date 03/08/2013 Card ************7840,-6.09,,503.35
5/08/2013,Pay Anyone - Joyungeosim - Transfer to CanberraGrowers - Receipt 717100 To 062919 10371436,-129.5,,509.44
5/08/2013,Deposit - Simeon Staker    Veggies sim - Receipt 106006,,22.5,638.94
5/08/2013,Deposit - GEORGIA PLUMMER  Veg from Georgia - Receipt 119195,,25,616.44
5/08/2013,Deposit - YUN LI           Veggies - Receipt 119194,,27,591.44
4/08/2013,ING DIRECT - Wave and Save Rebate - Receipt 101462,,0.14,564.44
4/08/2013,Cash & Purchase - MAJESTIC FRESH - Visa Purchase - Receipt 101462 In CANBERRA Date 02/08/2013 Card ************7840,-6.92,,564.3
1/08/2013,Deposit - JOANNA IRVING    veggies from jo i - Receipt 110783,,15,571.22
1/08/2013,Deposit - YUN LI           veggies last wk - Receipt 110782,,25,556.22
1/08/2013,Transfer - Internal Transfer - Receipt 513761  SAVINGS MAXIMISER 71717060,-500,,531.22
1/08/2013,Pay Anyone - Transfer to Boyz - Receipt 492280 To 062903 10671318,-390,,1031.22
31/07/2013,Deposit - Salary - Salary Deposit - Receipt 104499 ANU              4666424,,1213.53,1421.22
30/07/2013,Cash & Purchase - SHORTYS PTY LTD     0001 CITY - EFTPOS Purchase - Receipt 7628 Date 30/07/2013 Time 10:07 PM Card ************7840,-27,,207.69
29/07/2013,Cash & Purchase - NUTMEG CATERING PTY  ACTO N ACT - EFTPOS Purchase - Receipt 66486 Date 29/07/2013 Time 1:11 PM Card ************7840,-10,,234.69
29/07/2013,Transfer - Internal Transfer - Receipt 560684  SAVINGS MAXIMISER 71717060,,50,244.69
27/07/2013,ING DIRECT - Wave and Save Rebate - Receipt 126441,,0.31,194.69
27/07/2013,Cash & Purchase - BROD INDUSTRIES PL - Visa Purchase - Receipt 126441 In KINGSTON Date 25/07/2013 Card ************7840,-15.7,,194.38
25/07/2013,Deposit - JOANNA IRVING    veggies from jo i - Receipt 112663,,15,210.08
24/07/2013,Direct Debit - Telstra DDebit - Direct Debit - Receipt 110736  2000410934887,-67,,195.08
24/07/2013,ING DIRECT - Wave and Save Rebate - Receipt 125080,,0.23,262.08
24/07/2013,Cash & Purchase - GUZMAN Y GOMEZ CANBE - Visa Purchase - Receipt 125080 In CANBERRA Date 22/07/2013 Card ************7840,-11.5,,261.85
23/07/2013,Pay Anyone - Transfer to CanberraGrowers - Receipt 891180 To 062919 10371436,-86,,273.35
22/07/2013,Deposit - Simeon Staker    vegies turner boys - Receipt 105495,,30,359.35
22/07/2013,Deposit - YUN LI           veggies jul 13 - Receipt 105969,,15,329.35
22/07/2013,Deposit - JOANNA IRVING    from jo 4 last wk - Receipt 109747,,26,314.35
22/07/2013,Deposit - GEORGIA PLUMMER  Veg - Receipt 109746,,15,288.35
21/07/2013,Cash & Purchase - GALLAGHER WINES PTY  MURR UMBATEMA NSW - EFTPOS Purchase - Receipt 79729 Date 21/07/2013 Time 3:34 PM Card ************7840,-35,,273.35
21/07/2013,Cash & Purchase - LONSDALE STREET ROAS BRAD DON ACT 2612 - EFTPOS Purchase - Receipt 41431 Date 21/07/2013 Time 10:32 AM Card ************7840,-9,,308.35
21/07/2013,ING DIRECT - Wave and Save Rebate - Receipt 130115,,0.51,317.35
21/07/2013,Cash & Purchase - ALDI STORES - Visa Purchase - Receipt 130115 In CANBERRA Date 18/07/2013 Card ************7840,-25.54,,316.84
20/07/2013,Pay Anyone - Transfer to CanberraGrowers - Receipt 147627 To 062919 10371436,-45,,342.38
18/07/2013,Deposit - JOANNA IRVING    veggies from jo i - Receipt 108333,,15,387.38
18/07/2013,ING DIRECT - Wave and Save Rebate - Receipt 128892,,1.82,372.38
18/07/2013,Cash & Purchase - AMPOL - Visa Purchase - Receipt 128892 In YASS Date 16/07/2013 Card ************7840,-91.21,,370.56
18/07/2013,Transfer - Internal Transfer - Receipt 759355  SAVINGS MAXIMISER 71717060,-750,,461.77
18/07/2013,Pay Anyone - Transfer to Boyz - Receipt 666921 To 062903 10671318,-350,,1211.77
17/07/2013,Deposit - Salary - Salary Deposit - Receipt 101892 ANU              4666424,,1213.53,1561.77
17/07/2013,ING DIRECT - Wave and Save Rebate - Receipt 101948,,0.19,348.24
17/07/2013,Cash & Purchase - MCDONALDS YASS - Visa Purchase - Receipt 101948 In YASS Date 13/07/2013 Card ************7840,-9.45,,348.05
16/07/2013,Cash & Purchase - GUS CAFE            CANBE RRA - EFTPOS Purchase - Receipt 588574 Date 16/07/2013 Time 8:29 PM Card ************7840,-11,,357.5
16/07/2013,Cash & Purchase - THIRST              0001 CANBERRA - EFTPOS Purchase - Receipt 647 Date 16/07/2013 Time 7:54 PM Card ************7840,-27.4,,368.5
16/07/2013,ING DIRECT - Wave and Save Rebate - Receipt 102277,,1.26,395.9
16/07/2013,Cash & Purchase - WW PETROL 1566 - Visa Purchase - Receipt 102277 In DICKSON Date 12/07/2013 Card ************7840,-63.22,,394.64
15/07/2013,Cash & Purchase - AHARONI JEWELLERY PT CANB ERRA ACT - EFTPOS Purchase - Receipt 97060 Date 15/07/2013 Time 4:44 PM Card ************7840,-350,,457.86
15/07/2013,Transfer - Internal Transfer - Receipt 373337  SAVINGS MAXIMISER 71717060,,500,807.86
15/07/2013,Deposit - GEORGIA PLUMMER  Veg - Receipt 114155,,15,307.86
12/07/2013,Deposit - JOANNA IRVING    veggies from jo i - Receipt 105220,,45,292.86
12/07/2013,Cash & Purchase - BOOKTOPIA PTY LTD - Visa Purchase - Receipt 124396 In LANE COVE Date 10/07/2013 Card ************7840,-26,,247.86
11/07/2013,Cash & Purchase - SUPABARN            CANBE RRA - EFTPOS Purchase - Receipt 145768 Date 11/07/2013 Time 7:35 PM Card ************7840,-10.88,,273.86
11/07/2013,Deposit - YUN LI           veggies last week - Receipt 105528,,20,284.74
11/07/2013,Pay Anyone - Transfer to CanberraGrowers - Receipt 771136 To 062919 10371436,-30,,264.74
10/07/2013,Cash & Purchase - ROAM TOLLING PTY LTD - Visa Purchase - Receipt 101843 In EASTERN CREE Date 07/07/2013 Card ************7840,-50,,294.74
9/07/2013,Deposit - MICHAEL CHAN     Veggies Mike Chan - Receipt 106107,,8,344.74
9/07/2013,ING DIRECT - Wave and Save Rebate - Receipt 114994,,0.95,336.74
9/07/2013,Cash & Purchase - WOOLWORTHS 1099 - Visa Purchase - Receipt 114994 In ST IVES Date 06/07/2013 Card ************7840,-47.53,,335.79
9/07/2013,ING DIRECT - Wave and Save Rebate - Receipt 114993,,0.06,383.32
9/07/2013,Cash & Purchase - 7-ELEVEN 2261 - Visa Purchase - Receipt 114993 In PHEASANTS NE Date 06/07/2013 Card ************7840,-2.9,,383.26
6/07/2013,Cash & Purchase - QUEENSLAND GOVT 2 - Visa Purchase - Receipt 111322 In BRISBANE Date 04/07/2013 Card ************7840,-76.3,,386.16
4/07/2013,ING DIRECT - ATM Rebate - Receipt 5125 We paid the ATM fee for you!,,2,462.46
4/07/2013,Cash & Purchase - ST.GEORLYNEHAM IGA SUPERM LYNEHAM AC2 - Receipt 5125 ATM owner fee of $2.00 charged by ST.GEORLYNEHAM IGA SUPERM LYNEHAM AC2 Date 04/07/2013 Time 9:58 PM Card ************7840,-202,,460.46
4/07/2013,Deposit - Narrabundah Earl NECS - Receipt 100448,,53,662.46
4/07/2013,Transfer - Internal Transfer - Receipt 857970  SAVINGS MAXIMISER 71717060,-2500,,609.46
4/07/2013,Pay Anyone - Transfer to CanberraGrowers - Receipt 853686 To 062919 10371436,-250,,3109.46
4/07/2013,Pay Anyone - Transfer to Boyz - Receipt 829619 To 062903 10671318,-300,,3359.46
3/07/2013,Deposit - Simeon Staker    Fruit Veg Money - Receipt 109592,,30,3659.46
3/07/2013,Deposit - Salary - Salary Deposit - Receipt 101919 ANU              4666424,,3333.65,3629.46
3/07/2013,Deposit - JOHANN THERON    Johann 29 06 - Receipt 113983,,4,295.81
2/07/2013,ING DIRECT - Wave and Save Rebate - Receipt 102408,,1.76,291.81
2/07/2013,Cash & Purchase - COLES EXPR  WAGGA WAGGA - Visa Purchase - Receipt 102408 In NSW Date 30/06/2013 Card ************7840,-88.07,,290.05
1/07/2013,Deposit - YUN LI           Veggies - Receipt 115288,,30,378.12
30/06/2013,ING DIRECT - Wave and Save Rebate - Receipt 110215,,0.9,348.12
30/06/2013,Cash & Purchase - KMART  WAGGA WAGGA - Visa Purchase - Receipt 110215 In NSW Date 29/06/2013 Card ************7840,-18,,347.22
30/06/2013,ING DIRECT - Wave and Save Rebate - Receipt 110214,,0.85,365.22
30/06/2013,Cash & Purchase - L/LAND  WAGGA WAGGA - Visa Purchase - Receipt 110214 In NSW Date 29/06/2013 Card ************7840,-17,,364.37
30/06/2013,ING DIRECT - Wave and Save Rebate - Receipt 110213,,4.23,381.37
30/06/2013,Cash & Purchase - DAVID JONES LIMITED - Visa Purchase - Receipt 110213 In CANBERRA Date 28/06/2013 Card ************7840,-84.51,,377.14
29/06/2013,Cash & Purchase - MYER  WAGGA WAGGA WAGGA - EFTPOS Purchase - Receipt 124306 Date 29/06/2013 Time 2:56 PM Card ************7840,-41.67,,461.65
29/06/2013,ING DIRECT - Wave and Save Rebate - Receipt 137289,,1.2,503.32
29/06/2013,Cash & Purchase - WOOLWORTHS 1073 - Visa Purchase - Receipt 137289 In DICKSON Date 27/06/2013 Card ************7840,-24,,502.12
29/06/2013,ING DIRECT - ATM Rebate - Receipt 7744 We paid the ATM fee for you!,,2.5,526.12
29/06/2013,Cash & Purchase - ATM2GO ACT 1 ATM 2 KALLANGUR - Receipt 7744 ATM owner fee of $2.50 charged by ATM2GO ACT 1 ATM 2 KALLANGUR Date 29/06/2013 Time 6:47 AM Card ************7840,-202.5,,523.62
28/06/2013,Cash & Purchase - MYER  CANBERRA CITY CANBERRA - EFTPOS Purchase - Receipt 985772 Date 28/06/2013 Time 6:42 PM Card ************7840,-124.74,,726.12
27/06/2013,Deposit - EMILY YAP        EYap Veg 22Jun13 - Receipt 115807,,17,850.86
26/06/2013,Cash & Purchase - DUXTON AT O CONNOR POCONN OR - EFTPOS Purchase - Receipt 743383 Date 26/06/2013 Time 10:18 PM Card ************7840,-24,,833.86
26/06/2013,Deposit - JOANNA IRVING    veggies from jo i - Receipt 103569,,45,857.86
26/06/2013,Deposit - MICHAEL CHAN     Veggies Mike Chan - Receipt 101697,,14,812.86
26/06/2013,Deposit - CHRISTIAAN THERO Theron23June - Receipt 106499,,16,798.86
26/06/2013,Cash & Purchase - QIC PROPERTIES CARPARK - Visa Purchase - Receipt 125753 In CANBERRA Date 24/06/2013 Card ************7840,-3,,782.86
25/06/2013,Cash & Purchase - O'CONNOR IGA        0001 O CONNOR - EFTPOS Purchase - Receipt 106123 Date 25/06/2013 Time 7:45 PM Card ************7840,-5.99,,785.86
25/06/2013,Cash & Purchase - DUXTON AT O CONNOR POCONN OR - EFTPOS Purchase - Receipt 636270 Date 25/06/2013 Time 6:41 PM Card ************7840,-21.4,,791.85
25/06/2013,ING DIRECT - Wave and Save Rebate - Receipt 102548,,4.46,813.25
25/06/2013,Cash & Purchase - COLES EXPR  LIVERPOOL - Visa Purchase - Receipt 102548 In NSW Date 24/06/2013 Card ************7840,-89.14,,808.79
25/06/2013,ING DIRECT - Wave and Save Rebate - Receipt 102547,,0.53,897.93
25/06/2013,Cash & Purchase - WOOLWORTHS 1419 - Visa Purchase - Receipt 102547 In CANBERRA AIR Date 22/06/2013 Card ************7840,-10.67,,897.4
24/06/2013,Deposit - YUN LI           Veggies - Receipt 112158,,25,908.07
24/06/2013,ING DIRECT - Wave and Save Rebate - Receipt 125801,,0.07,883.07
24/06/2013,Cash & Purchase - BIG W 0122 - Visa Purchase - Receipt 125801 In CANBERRA Date 21/06/2013 Card ************7840,-1.48,,883
22/06/2013,Cash & Purchase - PORTMANS A61        CANBE RRA CITY - EFTPOS Purchase - Receipt 338292 Date 22/06/2013 Time 12:04 PM Card ************7840,-199.9,,884.48
22/06/2013,Cash & Purchase - DILLIRO VEGETABLES  0001 TAHMOOR - EFTPOS Purchase - Receipt 186 Date 22/06/2013 Time 6:37 AM Card ************7840,-170,,1084.38
20/06/2013,Cash & Purchase - SHORTYS PTY LTD     0001 CITY - EFTPOS Purchase - Receipt 5520 Date 20/06/2013 Time 6:38 PM Card ************7840,-24.5,,1254.38
20/06/2013,ING DIRECT - Wave and Save Rebate - Receipt 128085,,0.33,1278.88
20/06/2013,Cash & Purchase - MCDONALDS BRADDON - Visa Purchase - Receipt 128085 In BRADDON Date 18/06/2013 Card ************7840,-6.55,,1278.55
20/06/2013,ING DIRECT - Wave and Save Rebate - Receipt 128084,,0.2,1285.1
20/06/2013,Cash & Purchase - MCDONALDS BRADDON - Visa Purchase - Receipt 128084 In BRADDON Date 18/06/2013 Card ************7840,-4,,1284.9
19/06/2013,Deposit - Salary - Salary Deposit - Receipt 101935 ANU              4666424,,945.16,1288.9
19/06/2013,Pay Anyone - Transfer to Rachel b - Receipt 408650 To 112879 429315435,-25,,343.74
19/06/2013,Cash & Purchase - VIRGIN AUST 7952104073227 - Visa Purchase - Receipt 137326 In SPRING HILL Date 15/06/2013 Card ************7840,-245.7,,368.74
18/06/2013,ING DIRECT - Wave and Save Rebate - Receipt 102471,,0.28,614.44
18/06/2013,Cash & Purchase - WOOLWORTHS 1073 - Visa Purchase - Receipt 102471 In DICKSON Date 15/06/2013 Card ************7840,-5.5,,614.16
17/06/2013,Deposit - GEORGIA PLUMMER  Veg - Receipt 103989,,15,619.66
17/06/2013,Cash & Purchase - SUPABARN            CANBE RRA - EFTPOS Purchase - Receipt 895341 Date 17/06/2013 Time 6:54 PM Card ************7840,-22.29,,604.66
17/06/2013,Deposit - EMILY YAP        EYap Veg 15Jun13 - Receipt 124504,,12,626.95
16/06/2013,Pay Anyone - Transfer to Boyz - Receipt 592498 To 062903 10671318,-450,,614.95
16/06/2013,Cash & Purchase - ANU - Visa Purchase - Receipt 102150 In ACTION Date 14/06/2013 Card ************7840,-20,,1064.95
15/06/2013,Cash & Purchase - UNITED SUTTON SUTTON - EFTPOS Purchase - Receipt 712285 Date 15/06/2013 Time 8:18 AM Card ************7840,-57.96,,1084.95
14/06/2013,Deposit - MR ROBERT ASHER  CAMPING AND PROFIT - Receipt 101884,,774,1142.91
14/06/2013,Deposit - TIFFANY LICK     Veg Bron and Tiff - Receipt 100968,,17.5,368.91
14/06/2013,Cash & Purchase - VIRGIN MOBILE H/O - Visa Purchase - Receipt 119436 In MACQUARIE PR Date 13/06/2013 Card ************7840,-24.01,,351.41
13/06/2013,Direct Debit - Telstra - Direct Debit - Receipt 110550  1644510711,-80.9,,375.42
13/06/2013,ING DIRECT - Wave and Save Rebate - Receipt 110755,,1.15,456.32
13/06/2013,Cash & Purchase - MAJESTIC FRESH - Visa Purchase - Receipt 110755 In CANBERRA Date 12/06/2013 Card ************7840,-22.92,,455.17
13/06/2013,ING DIRECT - Wave and Save Rebate - Receipt 110754,,2.19,478.09
13/06/2013,Cash & Purchase - FCLIQUOR  BRADDON - Visa Purchase - Receipt 110754 In ACT Date 12/06/2013 Card ************7840,-43.85,,475.9
12/06/2013,Cash & Purchase - SUPABARN            CANBE RRA - EFTPOS Purchase - Receipt 375498 Date 12/06/2013 Time 12:08 PM Card ************7840,-56.82,,519.75
12/06/2013,ING DIRECT - Wave and Save Rebate - Receipt 118136,,0.05,576.57
12/06/2013,Cash & Purchase - WOOLWORTHS 1648 - Visa Purchase - Receipt 118136 In NOWRA Date 10/06/2013 Card ************7840,-1.09,,576.52
10/06/2013,Deposit - EMILY YAP        Veggies Emily Y - Receipt 105855,,6,577.61
10/06/2013,Cash & Purchase - SUTTON FOREST HOLD  SUTTO N FOREST - EFTPOS Purchase - Receipt 226423 Date 10/06/2013 Time 1:27 PM Card ************7840,-23.5,,571.61
10/06/2013,ING DIRECT - Wave and Save Rebate - Receipt 103069,,3.55,595.11
10/06/2013,Cash & Purchase - FCLIQUOR  BRADDON - Visa Purchase - Receipt 103069 In ACT Date 09/06/2013 Card ************7840,-70.9,,591.56
10/06/2013,ING DIRECT - Wave and Save Rebate - Receipt 103068,,0.36,662.46
10/06/2013,Cash & Purchase - OFFICEWORKS  BRADDON - Visa Purchase - Receipt 103068 In ACT Date 09/06/2013 Card ************7840,-7.16,,662.1
8/06/2013,Cash & Purchase - DILLIRO VEGETABLES  0001 TAHMOOR - EFTPOS Purchase - Receipt 161 Date 08/06/2013 Time 6:44 AM Card ************7840,-160,,669.26
7/06/2013,Deposit - PHIMISTER DOWELL veggies Phim - Receipt 110450,,49,829.26
7/06/2013,Cash & Purchase - Amazon Web Services - Visa Refund - Receipt 130201  In aws.amazon.c Date 07/06/2013 Card ************7840,,65.86,780.26
7/06/2013,ING DIRECT - Wave and Save Rebate - Receipt 130200,,0.23,714.4
7/06/2013,Cash & Purchase - CALTEX - Visa Purchase - Receipt 130200 In BRADDON Date 05/06/2013 Card ************7840,-4.52,,714.17
6/06/2013,Deposit - JOANNA IRVING    veggies for jo - Receipt 105596,,30,718.69
6/06/2013,Pay Anyone - Transfer to Johnny - Receipt 506777 To 923100 31707988,-1000,,688.69
6/06/2013,Transfer - Internal Transfer - Receipt 498797  SAVINGS MAXIMISER 71717060,,1000.54,1688.69
6/06/2013,Transfer - Internal Transfer - Receipt 447556  SAVINGS MAXIMISER 71717060,-1000,,688.15
6/06/2013,Pay Anyone - Transfer to Boyz - Receipt 435677 To 062903 10671318,-250,,1688.15
6/06/2013,ING DIRECT - International Purchase Fee - Receipt 105989,-1.66,,1938.15
6/06/2013,Cash & Purchase - Amazon Web Services - Visa Purchase - Receipt 105989 Foreign Currency Amount: USD 63.61 In aws.amazon.c Date 04/06/2013 Card ************7840,-66.21,,1939.81
5/06/2013,Deposit - Salary - Salary Deposit - Receipt 107386 ANU              4666424,,1281.11,2006.02
5/06/2013,Cash & Purchase - CWC AUTO SERVICES   0001 AINSLIE - EFTPOS Purchase - Receipt 2545 Date 05/06/2013 Time 5:22 PM Card ************7840,-278.58,,724.91
5/06/2013,ING DIRECT - Wave and Save Rebate - Receipt 125130,,3.73,1003.49
5/06/2013,Cash & Purchase - COLES EXPR  WAGGA WAGGA - Visa Purchase - Receipt 125130 In NSW Date 04/06/2013 Card ************7840,-74.55,,999.76
3/06/2013,Deposit - LAURA PEARSON    laurapearsonvegies - Receipt 104792,,22,1074.31
3/06/2013,Deposit - YUN LI           veggies - Receipt 101478,,22,1052.31
3/06/2013,Deposit - GEORGIA PLUMMER  Veggies - Receipt 101477,,15,1030.31
1/06/2013,ING DIRECT - ATM Rebate - Receipt 6563 We paid the ATM fee for you!,,2.5,1015.31
1/06/2013,Cash & Purchase - ATM2GO ACT TRAILER 2 ATM KALLANGUR - Receipt 6563 ATM owner fee of $2.50 charged by ATM2GO ACT TRAILER 2 ATM KALLANGUR Date 01/06/2013 Time 7:34 AM Card ************7840,-202.5,,1012.81
28/05/2013,Deposit - CHRISTIAAN THERO Theron25May - Receipt 102067,,25,1215.31
28/05/2013,Deposit - JOANNA IRVING    veggies for jo - Receipt 111611,,15,1190.31
27/05/2013,Deposit - PHIMISTER DOWELL mike veggies - Receipt 101054,,30,1175.31
27/05/2013,ING DIRECT - Wave and Save Rebate - Receipt 105028,,0.59,1145.31
27/05/2013,Cash & Purchase - IGA CITY WEST CAR PA - Visa Purchase - Receipt 105028 In CANBERRA Date 25/05/2013 Card ************7840,-11.84,,1144.72
25/05/2013,Cash & Purchase - VIRGIN MOBILE H/O - Visa Purchase - Receipt 123743 In MACQUARIE PR Date 23/05/2013 Card ************7840,-30.21,,1156.56
25/05/2013,ING DIRECT - ATM Rebate - Receipt 6313 We paid the ATM fee for you!,,2.5,1186.77
25/05/2013,Cash & Purchase - ATM2GO ACT TRAILER 2 ATM KALLANGUR - Receipt 6313 ATM owner fee of $2.50 charged by ATM2GO ACT TRAILER 2 ATM KALLANGUR Date 25/05/2013 Time 7:11 AM Card ************7840,-202.5,,1184.27
24/05/2013,Deposit - YUN LI           joys vegies - Receipt 101077,,15,1386.77
24/05/2013,Cash & Purchase - PENRITH RUBBER STAMP - Visa Purchase - Receipt 108883 In LEONAY Date 21/05/2013 Card ************7840,-60,,1371.77
23/05/2013,Pay Anyone - Transfer to Boyz - Receipt 624740 To 062903 10671318,-190,,1431.77
23/05/2013,ING DIRECT - Wave and Save Rebate - Receipt 131757,,3.34,1621.77
23/05/2013,Cash & Purchase - COLES  MANUKA PLAZA - Visa Purchase - Receipt 131757 In NSW Date 22/05/2013 Card ************7840,-66.82,,1618.43
22/05/2013,Deposit - Salary - Salary Deposit - Receipt 100535 ANU              4666424,,1281.11,1685.25
22/05/2013,Deposit - JOHANN THERON    Johann Veg 18 May - Receipt 107460,,25,404.14
22/05/2013,Cash & Purchase - SUPABARN            CANBE RRA - EFTPOS Purchase - Receipt 495301 Date 22/05/2013 Time 4:36 PM Card ************7840,-28.26,,379.14
21/05/2013,Cash & Purchase - MURRAYS AUSTRALIA LIMITED - Visa Purchase - Receipt 109030 In RED HILL Date 18/05/2013 Card ************7840,-35,,407.4
20/05/2013,Deposit - JACK BENNETTO    veggies - Receipt 102284,,37,442.4
20/05/2013,Deposit - GEORGIA PLUMMER  Veg from Georgia - Receipt 103673,,27,405.4
20/05/2013,Deposit - JOANNA IRVING    Veggies - Receipt 103672,,15,378.4
19/05/2013,Cash & Purchase - HANDYWAY MILSONS PO 1864 MILSONS POIN - EFTPOS Purchase - Receipt 17680 Date 19/05/2013 Time 5:19 PM Card ************7840,-1.8,,363.4
18/05/2013,Cash & Purchase - HANDYWAY RAIL CORPO 4315 SYDNEY - EFTPOS Purchase - Receipt 59520 Date 18/05/2013 Time 5:32 PM Card ************7840,-2.2,,365.2
18/05/2013,ING DIRECT - ATM Rebate - Receipt 5763 We paid the ATM fee for you!,,2,367.4
18/05/2013,Cash & Purchase - WESTPACDICKSON DICKSON   2 - Receipt 5763 ATM owner fee of $2.00 charged by WESTPACDICKSON DICKSON   2 Date 18/05/2013 Time 6:53 AM Card ************7840,-302,,365.4
17/05/2013,ING DIRECT - International Purchase Fee - Receipt 106421,-0.21,,667.4
17/05/2013,Cash & Purchase - PAYPAL *ASTHMATICKI - Visa Purchase - Receipt 106421 Foreign Currency Amount:  0.00 In 4029357733 Date 14/05/2013 Card ************7840,-8.38,,667.61
16/05/2013,Transfer - Internal Transfer - Receipt 805679  SAVINGS MAXIMISER 71717060,,351.26,675.99
16/05/2013,Pay Anyone - Transfer to Robert Asher - Receipt 790936 To 732189 533487,-500,,324.73
16/05/2013,ING DIRECT - Wave and Save Rebate - Receipt 131428,,1.08,824.73
16/05/2013,Cash & Purchase - COLES  MANUKA PLAZA - Visa Purchase - Receipt 131428 In NSW Date 15/05/2013 Card ************7840,-21.65,,823.65
16/05/2013,ING DIRECT - Wave and Save Rebate - Receipt 131427,,4.58,845.3
16/05/2013,Cash & Purchase - CALTEX - Visa Purchase - Receipt 131427 In BRADDON Date 14/05/2013 Card ************7840,-91.57,,840.72
9/05/2013,Pay Anyone - Transfer to Boyz - Receipt 359537 To 062903 10671318,-390,,932.29
8/05/2013,Deposit - Salary - Salary Deposit - Receipt 101728 ANU              4666424,,1281.11,1322.29
8/05/2013,ING DIRECT - Wave and Save Rebate - Receipt 107496,,0.12,41.18
8/05/2013,Cash & Purchase - MCDONALDS BRADDON - Visa Purchase - Receipt 107496 In BRADDON Date 03/05/2013 Card ************7840,-2.3,,41.06
7/05/2013,ING DIRECT - International Purchase Fee - Receipt 142401,-0.01,,43.36
7/05/2013,Cash & Purchase - Amazon Web Services - Visa Purchase - Receipt 142401 Foreign Currency Amount: USD 0.36 In aws.amazon.c Date 05/05/2013 Card ************7840,-0.35,,43.37
6/05/2013,ING DIRECT - ATM Rebate - Receipt 3137 We paid the ATM fee for you!,,2,43.72
6/05/2013,Cash & Purchase - BBL-Braidwood          Br aidwood NSW0 - Receipt 3137 ATM owner fee of $2.00 charged by BBL-Braidwood          Br aidwood NSW0 Date 06/05/2013 Time 9:58 AM Card ************7840,-202,,41.72
6/05/2013,Transfer - Internal Transfer - Receipt 565104  SAVINGS MAXIMISER 71717060,,200,243.72
1/05/2013,Cash & Purchase - ROAM TOLLING PTY LTD - Visa Purchase - Receipt 107268 In EASTERN CREE Date 26/04/2013 Card ************7840,-50,,43.72
30/04/2013,Cash & Purchase - ANU UNION BUILDING CANBERRA - Receipt 628704 ATM owner fee of $2.00 charged by ANU UNION BUILDING CANBERRA Date 30/04/2013 Time 12:08 PM Card ************7840,-102,,93.72
30/04/2013,Cash & Purchase - TANJU CO PTY LTD &  COLEY ATES PTY LTD - EFTPOS Purchase - Receipt 54341 Date 30/04/2013 Time 11:40 AM Card ************7840,-10.5,,195.72
30/04/2013,Transfer - Internal Transfer - Receipt 999400  SAVINGS MAXIMISER 71717060,,150,206.22
29/04/2013,Cash & Purchase - UNICYCLES            ACTO N ACT - EFTPOS Purchase - Receipt 60453 Date 29/04/2013 Time 12:02 PM Card ************7840,-10,,56.22
29/04/2013,Cash & Purchase - CELL BIKES - Visa Purchase - Receipt 106706 In STANMORE Date 26/04/2013 Card ************7840,-20.95,,66.22
27/04/2013,ING DIRECT - Wave and Save Rebate - Receipt 104965,,4.38,87.17
27/04/2013,Cash & Purchase - WW PETROL 1566 - Visa Purchase - Receipt 104965 In DICKSON Date 25/04/2013 Card ************7840,-87.68,,82.79
27/04/2013,ING DIRECT - Wave and Save Rebate - Receipt 104964,,1.45,170.47
27/04/2013,Cash & Purchase - WOOLWORTHS 1073 - Visa Purchase - Receipt 104964 In DICKSON Date 25/04/2013 Card ************7840,-28.9,,169.02
25/04/2013,Transfer - Internal Transfer - Receipt 808474  SAVINGS MAXIMISER 71717060,,100,197.92
25/04/2013,Transfer - Internal Transfer - Receipt 562314  SAVINGS MAXIMISER 71717060,-300,,97.92
25/04/2013,Pay Anyone - Transfer to A and J Asher - Receipt 560819 To 732280 544523,-300,,397.92
25/04/2013,Pay Anyone - Transfer to Boyz - Receipt 852060 To 062903 10671318,-390,,697.92
25/04/2013,ING DIRECT - Wave and Save Rebate - Receipt 112784,,0.12,1087.92
25/04/2013,Cash & Purchase - COLES  BELCONNEN - Visa Purchase - Receipt 112784 In ACT Date 23/04/2013 Card ************7840,-2.29,,1087.8
24/04/2013,Deposit - Salary - Salary Deposit - Receipt 107611 ANU              4666424,,945.16,1090.09
22/04/2013,ING DIRECT - Wave and Save Rebate - Receipt 101191,,0.45,144.93
22/04/2013,Cash & Purchase - HARRIS FARM MARKETS - Visa Purchase - Receipt 101191 In ST IVES Date 19/04/2013 Card ************7840,-8.99,,144.48
20/04/2013,Pay Anyone - Transfer to Jess Daymond - Receipt 685567 To 302973 155672,-100,,153.47
19/04/2013,Cash & Purchase - MURRAYS AUSTRALIA LIMITED - Visa Purchase - Receipt 122166 In RED HILL Date 17/04/2013 Card ************7840,-33,,253.47
18/04/2013,Cash & Purchase - HANDYWAY CENTRAL EL 1715 SYDNEY - EFTPOS Purchase - Receipt 43551 Date 18/04/2013 Time 10:43 AM Card ************7840,-2.2,,286.47
17/04/2013,Cash & Purchase - Amazon Web Services - Visa Refund - Receipt 113363  In aws.amazon.c Date 17/04/2013 Card ************7840,,44.44,288.67
17/04/2013,Cash & Purchase - VIRGIN MOBILE AUST NC - Visa Purchase - Receipt 113362 In MACQUARIE PA Date 15/04/2013 Card ************7840,-29.58,,244.23
15/04/2013,Deposit - MR ROBERT ASHER  JOHNNIES BUCKS - Receipt 116912,,220,273.81
14/04/2013,ING DIRECT - Wave and Save Rebate - Receipt 119873,,4.5,53.81
14/04/2013,Cash & Purchase - 7-ELEVEN 2289 - Visa Purchase - Receipt 119873 In BRADDON Date 11/04/2013 Card ************7840,-90.03,,49.31
11/04/2013,Pay Anyone - Transfer to A and J Asher - Receipt 419177 To 732280 544523,-500,,139.34
11/04/2013,Transfer - Internal Transfer - Receipt 409046  SAVINGS MAXIMISER 71717060,-500,,639.34
11/04/2013,Pay Anyone - Transfer to Boyz - Receipt 218925 To 062903 10671318,-390,,1139.34
10/04/2013,Deposit - Salary - Salary Deposit - Receipt 105220 ANU              4666424,,1281.11,1529.34
10/04/2013,Cash & Purchase - MY CAFE             MANUK A - EFTPOS Purchase - Receipt 563155 Date 10/04/2013 Time 12:30 PM Card ************7840,-11.4,,248.23
7/04/2013,ING DIRECT - Wave and Save Rebate - Receipt 123911,,1.05,259.63
7/04/2013,Cash & Purchase - FCLIQUOR  BRADDON - Visa Purchase - Receipt 123911 In ACT Date 06/04/2013 Card ************7840,-20.95,,258.58
6/04/2013,ING DIRECT - International Purchase Fee - Receipt 113051,-1.13,,279.53
6/04/2013,Cash & Purchase - Amazon Web Services - Visa Purchase - Receipt 113051 Foreign Currency Amount: USD 46.79 In aws.amazon.c Date 05/04/2013 Card ************7840,-45.02,,280.66
6/04/2013,Cash & Purchase - ANU - Visa Purchase - Receipt 113050 In CANBERRA Date 04/04/2013 Card ************7840,-136.5,,325.68
3/04/2013,ING DIRECT - Wave and Save Rebate - Receipt 145284,,4.7,462.18
3/04/2013,Cash & Purchase - COLES EXPR  BRADDON - Visa Purchase - Receipt 145284 In ACT Date 02/04/2013 Card ************7840,-94.02,,457.48
3/04/2013,Cash & Purchase - MURRAYS AUSTRALIA LIMITED - Visa Purchase - Receipt 145283 In RED HILL Date 01/04/2013 Card ************7840,-35,,551.5
29/03/2013,ING DIRECT - Wave and Save Rebate - Receipt 115970,,0.59,586.5
29/03/2013,Cash & Purchase - IGA CITY WEST CAR PA - Visa Purchase - Receipt 115970 In CANBERRA Date 27/03/2013 Card ************7840,-11.87,,585.91
28/03/2013,Pay Anyone - Transfer to A and J Asher - Receipt 186700 To 732280 544523,-500,,597.78
28/03/2013,Pay Anyone - Transfer to Johnny - Receipt 181829 To 923100 31707988,-95,,1097.78
28/03/2013,Pay Anyone - Transfer to Boyz - Receipt 156587 To 062903 10671318,-780,,1192.78
28/03/2013,ING DIRECT - ATM Rebate - Receipt 428200 We paid the ATM fee for you!,,2,1972.78
28/03/2013,Cash & Purchase - Canberra - 39 London Circ uit - Receipt 428200 ATM owner fee of $2.00 charged by Canberra - 39 London Circ uit Date 28/03/2013 Time 9:41 AM Card ************7840,-202,,1970.78
27/03/2013,Deposit - Salary - Salary Deposit - Receipt 108501 ANU              4666424,,2131.76,2172.78
27/03/2013,Cash & Purchase - ROAM TOLLING PTY LTD - Visa Purchase - Receipt 137509 In EASTERN CREE Date 22/03/2013 Card ************7840,-50,,41.02
27/03/2013,Pay Anyone - Transfer to Boyz - Receipt 941955 To 062903 10671318,-20,,91.02
25/03/2013,Cash & Purchase - UNICYCLES            ACTO N ACT - EFTPOS Purchase - Receipt 39733 Date 25/03/2013 Time 9:16 AM Card ************7840,-66.5,,111.02
23/03/2013,Cash & Purchase - MCDONALDS PHARMACY  0001 ST IVES - EFTPOS Purchase - Receipt 7076 Date 23/03/2013 Time 12:11 PM Card ************7840,-18.95,,177.52
22/03/2013,Cash & Purchase - MCDONALDS PHARMACY  0001 ST IVES - EFTPOS Purchase - Receipt 7053 Date 22/03/2013 Time 8:01 PM Card ************7840,-24.6,,196.47
21/03/2013,Cash & Purchase - LONSDALE STREET ROAS BRAD ON ACT - EFTPOS Purchase - Receipt 47563 Date 21/03/2013 Time 9:56 AM Card ************7840,-11,,221.07
21/03/2013,ING DIRECT - Wave and Save Rebate - Receipt 116770,,0.56,232.07
21/03/2013,Cash & Purchase - COLES  MANUKA PLAZA - Visa Purchase - Receipt 116770 In NSW Date 20/03/2013 Card ************7840,-11.15,,231.51
20/03/2013,Cash & Purchase - MEZZALIRA ON LONDON - Visa Purchase - Receipt 130807 In CANBERRA Date 16/03/2013 Card ************7840,-30,,242.66
17/03/2013,Cash & Purchase - SYDNEY HARBOUR FEDER - Visa Purchase - Receipt 128245 In MOSMAN Date 15/03/2013 Card ************7840,-285,,272.66
16/03/2013,Cash & Purchase - ALDI                CANBE RRA - EFTPOS Purchase - Receipt 290731 Date 16/03/2013 Time 11:10 AM Card ************7840,-3.89,,557.66
16/03/2013,Cash & Purchase - ENTER CAFE CANBERRA - EFTPOS Purchase - Receipt 730110 Date 16/03/2013 Time 9:47 AM Card ************7840,-18.5,,561.55
16/03/2013,Cash & Purchase - VIRGIN MOBILE AUST NC - Visa Purchase - Receipt 101864 In MACQUARIE PA Date 14/03/2013 Card ************7840,-58.29,,580.05
15/03/2013,Transfer - Internal Transfer - Receipt 828012  SAVINGS MAXIMISER 71717060,,501.06,638.34
15/03/2013,Cash & Purchase - DEEK'S              0001 DICKSON - EFTPOS Purchase - Receipt 3817 Date 15/03/2013 Time 8:32 AM Card ************7840,-10.5,,137.28
14/03/2013,Pay Anyone - Transfer to FOCUS - Receipt 251737 To 062903 10044349,-25,,147.78
14/03/2013,Transfer - Internal Transfer - Receipt 499266  SAVINGS MAXIMISER 71717060,-500,,172.78
14/03/2013,Pay Anyone - Transfer to Boyz - Receipt 496741 To 062903 10671318,-600,,672.78
13/03/2013,Deposit - Salary - Salary Deposit - Receipt 100615 ANU              4666424,,1266.35,1272.78
12/03/2013,ING DIRECT - Wave and Save Rebate - Receipt 102315,,0.5,6.43
12/03/2013,Cash & Purchase - MOCAN GREEN GROUT - Visa Purchase - Receipt 102315 In CANBERRA Date 11/03/2013 Card ************7840,-10,,5.93
6/03/2013,Cash & Purchase - Amazon Web Services - Visa Refund - Receipt 110892  In aws.amazon.c Date 06/03/2013 Card ************7840,,7.05,15.93
6/03/2013,ING DIRECT - International Purchase Fee - Receipt 110891,-0.18,,8.88
6/03/2013,Cash & Purchase - Amazon Web Services - Visa Purchase - Receipt 110891 Foreign Currency Amount: USD 7.20 In aws.amazon.c Date 04/03/2013 Card ************7840,-7.11,,9.06
26/02/2013,ING DIRECT - Wave and Save Rebate - Receipt 102077,,0.5,16.17
26/02/2013,Cash & Purchase - BUNNINGS 436000 - Visa Purchase - Receipt 102077 In BELCONNEN Date 24/02/2013 Card ************7840,-10,,15.67
23/02/2013,Cash & Purchase - BROD INDUSTRIES PL  0001 KINGSTON - EFTPOS Purchase - Receipt 583 Date 23/02/2013 Time 8:26 PM Card ************7840,-56.6,,25.67
23/02/2013,ING DIRECT - Wave and Save Rebate - Receipt 114173,,0.74,82.27
23/02/2013,Cash & Purchase - CAFE GAREMA - Visa Purchase - Receipt 114173 In CANBERRA Date 21/02/2013 Card ************7840,-14.8,,81.53
20/02/2013,Cash & Purchase - DIGBYS LIQUOR       PEARC E ACT 02 - EFTPOS Purchase - Receipt 45543 Date 20/02/2013 Time 10:19 AM Card ************7840,-10.5,,96.33
19/02/2013,ING DIRECT - Wave and Save Rebate - Receipt 131371,,0.64,106.83
19/02/2013,Cash & Purchase - WOOLWORTHS 1273 - Visa Purchase - Receipt 131371 In WAGGA WAGGA Date 17/02/2013 Card ************7840,-12.72,,106.19
18/02/2013,Cash & Purchase - O'CONNOR IGA        0001 O CONNOR - EFTPOS Purchase - Receipt 82577 Date 18/02/2013 Time 12:43 PM Card ************7840,-7.84,,118.91
16/02/2013,Cash & Purchase - AMPOL YASS SVCE CTRE NSW 28747 - EFTPOS Purchase - Receipt 4284 Date 16/02/2013 Time 10:32 AM Card ************7840,-70.8,,126.75
16/02/2013,ING DIRECT - Wave and Save Rebate - Receipt 116389,,0.25,197.55
16/02/2013,Cash & Purchase - IGA CITY WEST CAR PA - Visa Purchase - Receipt 116389 In CANBERRA Date 14/02/2013 Card ************7840,-4.89,,197.3
13/02/2013,ING DIRECT - Wave and Save Rebate - Receipt 106504,,0.12,202.19
13/02/2013,Cash & Purchase - MCDONALDS SUTTN FORST - Visa Purchase - Receipt 106504 In SUTTON FORES Date 08/02/2013 Card ************7840,-2.3,,202.07
12/02/2013,Pay Anyone - Transfer to Boyz - Receipt 794792 To 062903 10671318,-300,,204.37
12/02/2013,ING DIRECT - Wave and Save Rebate - Receipt 112789,,1.7,504.37
12/02/2013,Cash & Purchase - 7-ELEVEN 2260 - Visa Purchase - Receipt 112789 In PHEASANTS N Date 10/02/2013 Card ************7840,-34.08,,502.67
11/02/2013,Deposit - MR ANTHONY ASHER FROM DAD - Receipt 107012,,500,536.75
9/02/2013,ING DIRECT - Wave and Save Rebate - Receipt 120837,,0.75,36.75
9/02/2013,Cash & Purchase - LONSDALE STREET ROAS - Visa Purchase - Receipt 120837 In BRADDON Date 07/02/2013 Card ************7840,-15,,36
5/02/2013,ING DIRECT - Wave and Save Rebate - Receipt 128161,,0.73,51
5/02/2013,Cash & Purchase - DENDY CINEMA PTY LTD - Visa Purchase - Receipt 128161 In CANBERRA CIT Date 02/02/2013 Card ************7840,-14.5,,50.27
5/02/2013,ING DIRECT - Wave and Save Rebate - Receipt 128160,,0.5,64.77
5/02/2013,Cash & Purchase - MOCAN GREEN GROUT - Visa Purchase - Receipt 128160 In CANBERRA Date 01/02/2013 Card ************7840,-10,,64.27
3/02/2013,Cash & Purchase - BIG W           0122 CANBERRA CAC - EFTPOS Purchase - Receipt 925637 Date 03/02/2013 Time 3:40 PM Card ************7840,-4.32,,74.27
3/02/2013,Cash & Purchase - ROAM TOLLING PTY LTD - Visa Purchase - Receipt 125124 In EASTERN CREE Date 31/01/2013 Card ************7840,-50,,78.59
2/02/2013,Cash & Purchase - VIRGIN MOBILE AUST NC - Visa Purchase - Receipt 124796 In MACQUARIE PA Date 30/01/2013 Card ************7840,-29.29,,128.59
1/02/2013,ING DIRECT - Wave and Save Rebate - Receipt 105967,,0.46,157.88
1/02/2013,Cash & Purchase - SPOTLIGHT WAGGA WA - Visa Purchase - Receipt 105967 In EAST WAGGA W Date 30/01/2013 Card ************7840,-9.15,,157.42
1/02/2013,ING DIRECT - Wave and Save Rebate - Receipt 101509,,3.68,166.57
1/02/2013,Cash & Purchase - AMPOL - Visa Purchase - Receipt 101509 In YASS Date 30/01/2013 Card ************7840,-73.5,,162.89
30/01/2013,Cash & Purchase - LONG TRACK PANTRY    JUGI ONG NSW - EFTPOS Purchase - Receipt 84048 Date 30/01/2013 Time 2:03 PM Card ************7840,-5.5,,236.39
29/01/2013,Cash & Purchase - THE REJECT SHOP 0242 WAGGA WAGGA - EFTPOS Purchase with Cash Out - Receipt 989487 - Cash amount $20.00<BR/>Date 29/01/2013 Time 2:05 PM Card ************7840,-26,,241.89
28/01/2013,ING DIRECT - Wave and Save Rebate - Receipt 109359,,0.18,267.89
28/01/2013,Cash & Purchase - COLES EXPR  BUNKER HILL - Visa Purchase - Receipt 109359 In VIC Date 27/01/2013 Card ************7840,-3.55,,267.71
26/01/2013,ING DIRECT - Wave and Save Rebate - Receipt 131127,,0.67,271.26
26/01/2013,Cash & Purchase - WOOLWORTHS 7219 - Visa Purchase - Receipt 131127 In DELORAINE Date 24/01/2013 Card ************7840,-13.38,,270.59
24/01/2013,Pay Anyone - Transfer to Boyz - Receipt 747900 To 062903 10671318,-750,,283.97
21/01/2013,Deposit - MR ANTHONY ASHER FROM DAD - Receipt 116651,,1000,1033.97
19/01/2013,Cash & Purchase - ATM2GO TASMANIA T1A2 KALLANGUR - Receipt 530 ATM owner fee of $3.00 charged by ATM2GO TASMANIA T1A2 KALLANGUR Date 19/01/2013 Time 10:30 AM Card ************7840,-103,,33.97
13/01/2013,ING DIRECT - Wave and Save Rebate - Receipt 112298,,3.9,136.97
13/01/2013,Cash & Purchase - SUPER CHEAP AUTO - Visa Purchase - Receipt 112298 In WAGGA WAGGA Date 10/01/2013 Card ************7840,-78.01,,133.07
9/01/2013,Cash & Purchase - KMART  WAGGA WAGGA NSW - EFTPOS Purchase - Receipt 96023 Date 09/01/2013 Time 6:51 PM Card ************7840,-16,,211.08
9/01/2013,ING DIRECT - Wave and Save Rebate - Receipt 106386,,3.54,227.08
9/01/2013,Cash & Purchase - COLES EXPR  GUNDAGAI TBO - Visa Purchase - Receipt 106386 In NSW Date 08/01/2013 Card ************7840,-70.79,,223.54
6/01/2013,Cash & Purchase - QUEENSLAND MOTORWAYS - Visa Purchase - Receipt 119544 In EIGHT MILE P Date 04/01/2013 Card ************7840,-11.53,,294.33
6/01/2013,Cash & Purchase - QUEENSLAND MOTORWAYS - Visa Purchase - Receipt 119543 In EIGHT MILE P Date 04/01/2013 Card ************7840,-12.52,,305.86
2/01/2013,Cash & Purchase - WW PETROL       1543 CANB GATEWAC - EFTPOS Purchase - Receipt 415850 Date 02/01/2013 Time 6:44 PM Card ************7840,-76.82,,318.38
30/12/2012,ING DIRECT - Wave and Save Rebate - Receipt 101622,,3.13,395.2
30/12/2012,Cash & Purchase - 7-ELEVEN 2278 - Visa Purchase - Receipt 101622 In ST IVES Date 28/12/2012 Card ************7840,-62.65,,392.07
28/12/2012,Deposit - MR ANTHONY ASHER XMAS - Receipt 103743,,150,454.72
25/12/2012,Pay Anyone - Transfer to Robert Asher - Receipt 433364 To 732189 533487,-149.5,,304.72
25/12/2012,ING DIRECT - Wave and Save Rebate - Receipt 141595,,0.31,454.22
25/12/2012,Cash & Purchase - WOOLWORTHS 1099 - Visa Purchase - Receipt 141595 In ST IVES Date 23/12/2012 Card ************7840,-6.19,,453.91
23/12/2012,ING DIRECT - Wave and Save Rebate - Receipt 122526,,1.03,460.1
23/12/2012,Cash & Purchase - CTX WOW ST IVES - Visa Purchase - Receipt 122526 In ST IVES Date 21/12/2012 Card ************7840,-20.56,,459.07
22/12/2012,Cash & Purchase - CALTEX ST IVES      NSW 22895 - EFTPOS Purchase - Receipt 60493 Date 22/12/2012 Time 8:39 AM Card ************7840,-51.4,,479.63
21/12/2012,Deposit - CTRLINK YTH ALL  7E1R6784220840619T - Receipt 104033,,448.84,531.03
20/12/2012,Transfer - Internal Transfer - Receipt 465578  SAVINGS MAXIMISER 71717060,,79.26,82.19
19/12/2012,Pay Anyone - Transfer to Boyz - Receipt 844649 To 062903 10671318,-350,,2.93
18/12/2012,ING DIRECT - Wave and Save Rebate - Receipt 129503,,0.96,352.93
18/12/2012,Cash & Purchase - WOOLWORTHS 1099 - Visa Purchase - Receipt 129503 In ST IVES Date 15/12/2012 Card ************7840,-19.15,,351.97
17/12/2012,Cash & Purchase - Reid Cycles Glebe - EFTPOS Purchase - Receipt 105678 Date 17/12/2012 Time 2:59 PM Card ************7840,-269,,371.12
17/12/2012,Transfer - Internal Transfer - Receipt 217330  SAVINGS MAXIMISER 71717060,,600,640.12
17/12/2012,ING DIRECT - Wave and Save Rebate - Receipt 100916,,1.16,40.12
17/12/2012,Cash & Purchase - PETERS MEATS - Visa Purchase - Receipt 100916 In ST IVES Date 15/12/2012 Card ************7840,-23.14,,38.96
17/12/2012,Cash & Purchase - VIRGIN MOBILE AUST NC - Visa Purchase - Receipt 120677 In MACQUARIE PA Date 13/12/2012 Card ************7840,-29.29,,62.1
16/12/2012,Cash & Purchase - HANDYWAY RAIL CORPO 4060 NORTH SYDNEY - EFTPOS Purchase - Receipt 21846 Date 16/12/2012 Time 9:38 PM Card ************7840,-2.1,,91.39
14/12/2012,ING DIRECT - Wave and Save Rebate - Receipt 113035,,3.95,93.49
14/12/2012,Cash & Purchase - CALTEX - Visa Purchase - Receipt 113035 In BRADDON Date 12/12/2012 Card ************7840,-78.96,,89.54
13/12/2012,Cash & Purchase - SUPABARN            CANBE RRA - EFTPOS Purchase - Receipt 681013 Date 13/12/2012 Time 7:09 AM Card ************7840,-8.57,,168.5
12/12/2012,Cash & Purchase - ANU UNION INC        ACTO N ACT - EFTPOS Purchase - Receipt 145121 Date 12/12/2012 Time 9:19 PM Card ************7840,-169.5,,177.07
12/12/2012,Cash & Purchase - WOOLWORTHS      1419 CANB AIRPOAC - EFTPOS Purchase - Receipt 78272 Date 12/12/2012 Time 5:39 PM Card ************7840,-11.98,,346.57
11/12/2012,ING DIRECT - Wave and Save Rebate - Receipt 101818,,1.3,358.55
11/12/2012,Cash & Purchase - WOOLWORTHS 1073 - Visa Purchase - Receipt 101818 In DICKSON Date 09/12/2012 Card ************7840,-26,,357.25
11/12/2012,ING DIRECT - Wave and Save Rebate - Receipt 101817,,1.66,383.25
11/12/2012,Cash & Purchase - WOOLWORTHS 1073 - Visa Purchase - Receipt 101817 In DICKSON Date 09/12/2012 Card ************7840,-33.17,,381.59
10/12/2012,Cash & Purchase - ALDI                CANBE RRA - EFTPOS Purchase - Receipt 459910 Date 10/12/2012 Time 6:58 PM Card ************7840,-15.3,,414.76
10/12/2012,Direct Debit - PAYPAL AUSTRALIA - Direct Debit - Receipt 102133  5E6226J248L8A,-85.99,,430.06
9/12/2012,Cash & Purchase - VIRGIN MOBILE AUST NC - Visa Purchase - Receipt 105438 In MACQUARIE PA Date 07/12/2012 Card ************7840,-29.32,,516.05
7/12/2012,Cash & Purchase - THE ELK & PEA       0001 BRADDON - EFTPOS Purchase - Receipt 143 Date 07/12/2012 Time 10:37 AM Card ************7840,-21,,545.37
6/12/2012,Deposit - CTRLINK YTH ALL  7E1R6391220840619T - Receipt 107651,,483.37,566.37
5/12/2012,Cash & Purchase - FCLIQUOR  BRADDON ACT - EFTPOS Purchase - Receipt 457476 Date 05/12/2012 Time 7:59 PM Card ************7840,-10.65,,83
5/12/2012,ING DIRECT - Wave and Save Rebate - Receipt 116427,,4.28,93.65
5/12/2012,Cash & Purchase - DRAWLINE FUEL NORTHE - Visa Purchase - Receipt 116427 In WAGGA WAGGA Date 03/12/2012 Card ************7840,-85.51,,89.37
4/12/2012,ING DIRECT - ATM Rebate - Receipt 412 We paid the ATM fee for you!,,2.5,174.88
4/12/2012,Cash & Purchase - BERRIDALE BAKERY BERRIDALE - Receipt 412 ATM owner fee of $2.50 charged by BERRIDALE BAKERY BERRIDALE Date 04/12/2012 Time 9:20 AM Card ************7840,-202.5,,172.38
3/12/2012,Cash & Purchase - OCONNOR PHARMACY    0002 OCONNOR - EFTPOS Purchase - Receipt 14528 Date 03/12/2012 Time 10:25 PM Card ************7840,-19.95,,374.88
3/12/2012,Cash & Purchase - POST   CANBERRA GPO POST SHOP.    ACT - EFTPOS Purchase - Receipt 61773 Date 03/12/2012 Time 11:40 AM Card ************7840,-6,,394.83
3/12/2012,ING DIRECT - Wave and Save Rebate - Receipt 100874,,3.46,400.83
3/12/2012,Cash & Purchase - CTX WOW AMPOL - Visa Purchase - Receipt 100874 In NARRABRI Date 01/12/2012 Card ************7840,-69.12,,397.37
2/12/2012,Cash & Purchase - Essence Of Harmony  Wagga Wagga - EFTPOS Purchase - Receipt 551342 Date 02/12/2012 Time 10:16 AM Card ************7840,-16,,466.49
1/12/2012,Cash & Purchase - HANDYWAY CARLOS SUPA0001 GILGANDRA - EFTPOS Purchase - Receipt 25680 Date 01/12/2012 Time 9:43 AM Card ************7840,-33.1,,482.49
1/12/2012,ING DIRECT - Wave and Save Rebate - Receipt 111505,,0.36,515.59
1/12/2012,Cash & Purchase - WOOLWORTHS 2613 - Visa Purchase - Receipt 111505 In SURFERS PARA Date 29/11/2012 Card ************7840,-7.27,,515.23
1/12/2012,ING DIRECT - Wave and Save Rebate - Receipt 111504,,3.84,522.5
1/12/2012,Cash & Purchase - COLES EXPR  LOGANLEA - Visa Purchase - Receipt 111504 In QLD Date 30/11/2012 Card ************7840,-76.76,,518.66
1/12/2012,Transfer - Internal Transfer - Receipt 163351  SAVINGS MAXIMISER 71717060,,500,595.42
30/11/2012,Cash & Purchase - THE BIG ORANGE FOREST HILL - EFTPOS Purchase - Receipt 664455 Date 30/11/2012 Time 2:02 PM Card ************7840,-10.54,,95.42
29/11/2012,Cash & Purchase - YOGHURT CITY SURFERS PARA - EFTPOS Purchase - Receipt 240 Date 29/11/2012 Time 1:00 PM Card ************7840,-6.7,,105.96
28/11/2012,ING DIRECT - Wave and Save Rebate - Receipt 114402,,1.11,112.66
28/11/2012,Cash & Purchase - WOOLWORTHS 2613 - Visa Purchase - Receipt 114402 In SURFERS PARA Date 26/11/2012 Card ************7840,-22.24,,111.55
27/11/2012,ING DIRECT - Wave and Save Rebate - Receipt 125767,,0.7,133.79
27/11/2012,Cash & Purchase - WOOLWORTHS 2613 - Visa Purchase - Receipt 125767 In SURFERS PARA Date 25/11/2012 Card ************7840,-14.02,,133.09
25/11/2012,ING DIRECT - Wave and Save Rebate - Receipt 116509,,2.03,147.11
25/11/2012,Cash & Purchase - COLES  BENOWA - Visa Purchase - Receipt 116509 In QLD Date 24/11/2012 Card ************7840,-40.62,,145.08
23/11/2012,Cash & Purchase - ASIA JOE`S NOODLE BA BYRON BAY - EFTPOS Purchase - Receipt 653266 Date 23/11/2012 Time 5:48 PM Card ************7840,-36.4,,185.7
23/11/2012,Cash & Purchase - SPORTSGIRL           BYRO N BAY NSW00 - EFTPOS Purchase - Receipt 54384 Date 23/11/2012 Time 5:21 PM Card ************7840,-29.95,,222.1
23/11/2012,Cash & Purchase - CHEMCOAST PHARMACY B0001 BYRON BAY - EFTPOS Purchase - Receipt 28030 Date 23/11/2012 Time 5:02 PM Card ************7840,-9.99,,252.05
23/11/2012,Cash & Purchase - RITCHIES SUPA IGA BALLINA - EFTPOS Purchase - Receipt 603641 Date 23/11/2012 Time 10:29 AM Card ************7840,-19.9,,262.04
23/11/2012,Cash & Purchase - BIG W           0134 BALLINA   NS - EFTPOS Purchase - Receipt 603110 Date 23/11/2012 Time 10:22 AM Card ************7840,-7.48,,281.94
23/11/2012,Pay Anyone - Transfer to Boyz - Receipt 315813 To 062903 10671318,-400,,289.42
23/11/2012,Deposit - CTRLINK YTH ALL  7E1R6076220840619T - Receipt 100527,,483.37,689.42
22/11/2012,Cash & Purchase - PIRLOSDRIVEINFRUITBA SOUTH LISMOR - EFTPOS Purchase - Receipt 12936 Date 22/11/2012 Time 8:43 AM Card ************7840,-21.21,,206.05
21/11/2012,Cash & Purchase - SHELL GLEN INNES GLEN INNES - EFTPOS Purchase - Receipt 481173 Date 21/11/2012 Time 3:12 PM Card ************7840,-56.96,,227.26
21/11/2012,ING DIRECT - Wave and Save Rebate - Receipt 112861,,1.35,284.22
21/11/2012,Cash & Purchase - GARNERS PTY LTD - Visa Purchase - Receipt 112861 In GLOUCESTER Date 19/11/2012 Card ************7840,-26.93,,282.87
20/11/2012,Cash & Purchase - CAHILLS CHEM WORLD  0001 TAMWORTH - EFTPOS Purchase - Receipt 7340 Date 20/11/2012 Time 2:11 PM Card ************7840,-17.4,,309.8
20/11/2012,Cash & Purchase - CAFE GRAZE          0001 WALCHA - EFTPOS Purchase - Receipt 9534 Date 20/11/2012 Time 12:09 PM Card ************7840,-16.9,,327.2
20/11/2012,Cash & Purchase - FOODWORKS WALCHA    WALCH A NSW - EFTPOS Purchase - Receipt 23116 Date 20/11/2012 Time 11:29 AM Card ************7840,-17.45,,344.1
20/11/2012,Cash & Purchase - MOUNTAIN MOTORS     WALCH A - EFTPOS Purchase - Receipt 646880 Date 20/11/2012 Time 11:05 AM Card ************7840,-86.04,,361.55
20/11/2012,ING DIRECT - Wave and Save Rebate - Receipt 118241,,1.62,447.59
20/11/2012,Cash & Purchase - WOOLWORTHS 1070 - Visa Purchase - Receipt 118241 In CROWS NEST Date 18/11/2012 Card ************7840,-32.32,,445.97
20/11/2012,ING DIRECT - Wave and Save Rebate - Receipt 118240,,0.75,478.29
20/11/2012,Cash & Purchase - KMART  HORNSBY - Visa Purchase - Receipt 118240 In NSW Date 19/11/2012 Card ************7840,-15,,477.54
19/11/2012,ING DIRECT - Wave and Save Rebate - Receipt 105972,,0.53,492.54
19/11/2012,Cash & Purchase - LONSDALE STREET ROAS - Visa Purchase - Receipt 105972 In BRADDON Date 17/11/2012 Card ************7840,-10.5,,492.01
18/11/2012,ING DIRECT - Wave and Save Rebate - Receipt 107497,,4.38,502.51
18/11/2012,Cash & Purchase - COLES EXPR  DICKSON - Visa Purchase - Receipt 107497 In ACT Date 17/11/2012 Card ************7840,-87.55,,498.13
18/11/2012,Cash & Purchase - ROAM TOLLING PTY LTD - Visa Purchase - Receipt 107496 In EASTERN CREE Date 16/11/2012 Card ************7840,-90,,585.68
17/11/2012,Cash & Purchase - BOX ACCESSORIES     0001 BRADDON - EFTPOS Purchase - Receipt 1085 Date 17/11/2012 Time 1:20 PM Card ************7840,-18,,675.68
15/11/2012,Cash & Purchase - WW PETROL       1597 WERRINGTONNS - EFTPOS Purchase - Receipt 57203 Date 15/11/2012 Time 2:45 PM Card ************7840,-1.5,,693.68
14/11/2012,Cash & Purchase - ALDI 33 MT DRUITT - EFTPOS Purchase - Receipt 416853 Date 14/11/2012 Time 11:30 AM Card ************7840,-29.73,,695.18
13/11/2012,ING DIRECT - Wave and Save Rebate - Receipt 117345,,1.45,724.91
13/11/2012,Cash & Purchase - DENDY CINEMA PTY LTD - Visa Purchase - Receipt 117345 In CANBERRA CIT Date 11/11/2012 Card ************7840,-29,,723.46
12/11/2012,Cash & Purchase - ACT ROAD USER       SERVI CES DICKSON - EFTPOS Purchase - Receipt 25853 Date 12/11/2012 Time 12:06 PM Card ************7840,-1256.2,,752.46
12/11/2012,Cash & Purchase - MITCHELL SERVICE CNT0001 MITCHELL - EFTPOS Purchase - Receipt 2857 Date 12/11/2012 Time 8:32 AM Card ************7840,-59.6,,2008.66
8/11/2012,Cash & Purchase - PICKLES AUCTIONS BELMORE - Visa Purchase - Receipt 114889 In BELMORE Date 06/11/2012 Card ************7840,-500,,2068.26
